Pathway	Step	SN
Full Video Set	1	001
Full Video Set	2	003
Full Video Set	3	004
Full Video Set	4	005
Full Video Set	5	006
Full Video Set	6	007
Full Video Set	7	008
Full Video Set	8	009
Full Video Set	9	010
Full Video Set	10	011
Full Video Set	11	012
Full Video Set	12	013
Full Video Set	13	014
Full Video Set	14	015
Full Video Set	15	016
Full Video Set	16	017
Full Video Set	17	018
Full Video Set	18	020
Full Video Set	19	022
Full Video Set	20	024
Full Video Set	21	025
Full Video Set	22	027
Full Video Set	23	029
Full Video Set	24	031
Full Video Set	25	033
Full Video Set	26	037
Full Video Set	27	038
Full Video Set	28	039
Full Video Set	29	040
Full Video Set	30	041
Full Video Set	31	042
Full Video Set	32	043
Full Video Set	33	044
Full Video Set	34	045
Full Video Set	35	046
Full Video Set	36	047
Full Video Set	37	048
Full Video Set	38	049
Full Video Set	39	050
Full Video Set	40	051
Full Video Set	41	052
Full Video Set	42	053
Full Video Set	43	054
Full Video Set	44	055
Full Video Set	45	056
Full Video Set	46	057
Full Video Set	47	058
Full Video Set	48	059
Full Video Set	49	060
Full Video Set	50	061
Full Video Set	51	062
Full Video Set	52	063
Full Video Set	53	064
Full Video Set	54	070
Full Video Set	55	071
Full Video Set	56	075
Full Video Set	57	076
Full Video Set	58	077
Full Video Set	59	078
Full Video Set	60	079
Full Video Set	61	080
Full Video Set	62	081
Full Video Set	63	082
Full Video Set	64	086
Full Video Set	65	087
Full Video Set	66	088
Full Video Set	67	089
Full Video Set	68	090
Full Video Set	69	091
Full Video Set	70	092
Full Video Set	71	102
Full Video Set	72	103
Full Video Set	73	104
Full Video Set	74	106
Full Video Set	75	107
Full Video Set	76	108
Full Video Set	77	109
Full Video Set	78	110
Full Video Set	79	111
Full Video Set	80	112
Full Video Set	81	113
Full Video Set	82	115
Full Video Set	83	116
Full Video Set	84	119
Full Video Set	85	121
Full Video Set	86	122
Full Video Set	87	123
Full Video Set	88	124
Full Video Set	89	125
Full Video Set	90	126
Full Video Set	91	128
Full Video Set	92	129
Full Video Set	93	130
Full Video Set	94	131
Full Video Set	95	132
Full Video Set	96	133
Full Video Set	97	134
Full Video Set	98	135
Full Video Set	99	137
Full Video Set	100	138
Full Video Set	101	139
Full Video Set	102	141
Full Video Set	103	142
Full Video Set	104	144
Full Video Set	105	145
Intro to ChE	1	001
Intro to ChE	2	003
Intro to ChE	3	004
Intro to ChE	4	005
Intro to ChE	5	006
Intro to ChE	6	007
Intro to ChE	7	008
Intro to ChE	8	009
Intro to ChE	9	010
Intro to ChE	10	011
Intro to ChE	11	037
Intro to ChE	12	038
Intro to ChE	13	039
Intro to ChE	14	040
Intro to ChE	15	041
Intro to ChE	16	042
Intro to ChE	17	043
Intro to ChE	18	044
Intro to ChE	19	045
Intro to ChE	20	046
Intro to ChE	21	047
Intro to ChE	22	048
Intro to ChE	23	049
Intro to ChE	24	050
Intro to ChE	25	051
Intro to ChE	26	052
Intro to ChE	27	053
Intro to ChE	28	054
Intro to ChE	29	055
Intro to ChE	30	056
Intro to ChE	31	057
Intro to ChE	32	058
Intro to ChE	33	059
Intro to ChE	34	060
Intro to ChE	35	061
Intro to ChE	36	075
Intro to ChE	37	076
Intro to ChE	38	077
Intro to ChE	39	078
Intro to ChE	40	079
Intro to ChE	41	080
Intro to ChE	42	081
Intro to ChE	43	082
Intro to ChE	44	086
Intro to ChE	45	087
Intro to ChE	46	088
Intro to ChE	47	089
Intro to ChE	48	090
Intro to ChE	49	091
Intro to ChE	50	092
Intro to ChE	51	102
Intro to ChE	52	103
Intro to ChE	53	104
Intro to ChE	54	106
Intro to ChE	55	107
Intro to ChE	56	108
Intro to ChE	57	109
Intro to ChE	58	110
Intro to ChE	59	111
Intro to ChE	60	112
MechE Thermo	1	001
MechE Thermo	2	003
MechE Thermo	3	004
MechE Thermo	4	005
MechE Thermo	5	006
MechE Thermo	6	007
MechE Thermo	7	008
MechE Thermo	8	009
MechE Thermo	9	010
MechE Thermo	10	011
MechE Thermo	11	012
MechE Thermo	12	013
MechE Thermo	13	014
MechE Thermo	14	015
MechE Thermo	15	016
MechE Thermo	16	017
MechE Thermo	17	018
MechE Thermo	18	020
MechE Thermo	19	022
MechE Thermo	20	024
MechE Thermo	21	025
MechE Thermo	22	027
MechE Thermo	23	029
MechE Thermo	24	031
MechE Thermo	25	033
MechE Thermo	26	037
MechE Thermo	27	038
MechE Thermo	28	039
MechE Thermo	29	040
MechE Thermo	30	041
MechE Thermo	31	042
MechE Thermo	32	043
MechE Thermo	33	044
MechE Thermo	34	045
MechE Thermo	35	046
MechE Thermo	36	047
MechE Thermo	37	048
MechE Thermo	38	049
MechE Thermo	39	050
MechE Thermo	40	051
MechE Thermo	41	052
MechE Thermo	42	053
MechE Thermo	43	054
MechE Thermo	44	055
MechE Thermo	45	075
MechE Thermo	46	076
MechE Thermo	47	077
MechE Thermo	48	078
MechE Thermo	49	079
MechE Thermo	50	080
MechE Thermo	51	081
MechE Thermo	52	082
MechE Thermo	53	107
MechE Thermo	54	108
MechE Thermo	55	109
MechE Thermo	56	110
MechE Thermo	57	111
MechE Thermo	58	112
MechE Thermo	59	113
MechE Thermo	60	115
MechE Thermo	61	119
MechE Thermo	62	126
MechE Thermo	63	128
MechE Thermo	64	129
MechE Thermo	65	130
MechE Thermo	66	131
MechE Thermo	67	132
MechE Thermo	68	133
MechE Thermo	69	134
MechE Thermo	70	135
MechE Thermo	71	137
MechE Thermo	72	138
MechE Thermo	73	139
MechE Thermo	74	141
MechE Thermo	75	142
MechE Thermo	76	144
MechE Thermo	77	145
Spreadsheets	1	001
Spreadsheets	2	009
Spreadsheets	3	010
Spreadsheets	4	011
Spreadsheets	5	012
Spreadsheets	6	013
Spreadsheets	7	014
Spreadsheets	8	016
Spreadsheets	9	020
Spreadsheets	10	022
Spreadsheets	11	027
Spreadsheets	12	029
Spreadsheets	13	031
Spreadsheets	14	033
Spreadsheets	15	106
Spreadsheets	16	137
Spreadsheets	17	142
Chemical Reactor Engineering	1	001
Chemical Reactor Engineering	2	003
Chemical Reactor Engineering	3	004
Chemical Reactor Engineering	4	005
Chemical Reactor Engineering	5	006
Chemical Reactor Engineering	6	007
Chemical Reactor Engineering	7	008
Chemical Reactor Engineering	8	009
Chemical Reactor Engineering	9	010
Chemical Reactor Engineering	10	011
Chemical Reactor Engineering	11	037
Chemical Reactor Engineering	12	038
Chemical Reactor Engineering	13	039
Chemical Reactor Engineering	14	040
Chemical Reactor Engineering	15	041
Chemical Reactor Engineering	16	042
Chemical Reactor Engineering	17	043
Chemical Reactor Engineering	18	044
Chemical Reactor Engineering	19	045
Chemical Reactor Engineering	20	046
Chemical Reactor Engineering	21	047
Chemical Reactor Engineering	22	048
Chemical Reactor Engineering	23	049
Chemical Reactor Engineering	24	050
Chemical Reactor Engineering	25	051
Chemical Reactor Engineering	26	052
Chemical Reactor Engineering	27	053
Chemical Reactor Engineering	28	054
Chemical Reactor Engineering	29	055
Chemical Reactor Engineering	30	056
Chemical Reactor Engineering	31	057
Chemical Reactor Engineering	32	058
Chemical Reactor Engineering	33	059
Chemical Reactor Engineering	34	060
Chemical Reactor Engineering	35	061
Chemical Reactor Engineering	36	062
Chemical Reactor Engineering	37	063
Chemical Reactor Engineering	38	064
Chemical Reactor Engineering	39	070
Chemical Reactor Engineering	40	071
Chemical Reactor Engineering	41	075
Chemical Reactor Engineering	42	076
Chemical Reactor Engineering	43	107
Chemical Reactor Engineering	44	108
Chemical Reactor Engineering	45	116
Chemical Reactor Engineering	46	119
Chemical Reactor Engineering	47	121
Chemical Reactor Engineering	48	122
Chemical Reactor Engineering	49	123
Chemical Reactor Engineering	50	124
Chemical Reactor Engineering	51	125